paupau,Pauline,Fadda,membre,pauline.fadda@live.fr,secretstory4
nicolas,nicolas,Pallois,admin,nico.pallois@gmail.com,nicolasnicolas56
jeannot,jean,Huret,membre,jeannot5@live.fr,jeannot56
toto,Thomas,Dubois,membre,thomas89@gmial.com,thomas159
Arno,Arno,elbg,admin,lebgdu69@gmail.com,chuibo69